{
  "comparison_policy": {
    "components_alignment": "first-k-prefix",
    "sign_resolver": "max_abs_element_positive",
    "tolerance_table_row": "sklearn/PLSRegression/self_roundtrip"
  },
  "data": {
    "X": {
      "dtype": "f64",
      "layout": "row_major",
      "rng_seed": 2,
      "shape": [
        10,
        3
      ],
      "values": [
        0.7784552517145183,
        -0.6501025846202241,
        -0.648400454689144,
        -1.8520655127188703,
        1.6723532395814253,
        0.9088289607399782,
        0.26397903305316095,
        0.6464524435881848,
        0.045873758500398765,
        0.03557903349693292,
        0.850213307986559,
        -0.545893457956403,
        0.2605779658630226,
        -0.9195008984983749,
        0.21962115994360498,
        0.4902038182035974,
        0.417934570825205,
        -0.8425226111678876,
        0.7162297170328552,
        -1.0196281865692671,
        0.6061280610728925,
        0.7774369569016713,
        0.20321686499584946,
        0.17516700167301236,
        -0.4213556302323491,
        0.6558268530046006,
        1.821365907045118,
        -1.04904063331454,
        -1.8567656102939583,
        -1.7401683251615705
      ]
    },
    "Y": {
      "dtype": "f64",
      "layout": "row_major",
      "rng_seed": 2,
      "shape": [
        10,
        1
      ],
      "values": [
        0.9076247036730231,
        -1.8047740212144316,
        0.43497788687941696,
        0.5635897548711022,
        -0.12508288365829234,
        1.0368454950351027,
        0.10727723052562882,
        0.75081851556392,
        -1.135290527853528,
        -0.7359861538219422
      ]
    }
  },
  "expected": {
    "coefficients": {
      "shape": [
        3,
        1
      ],
      "values": [
        0.9068261925322948,
        0.23087538025250876,
        -0.3558665927251079
      ]
    },
    "intercept": {
      "shape": [
        1
      ],
      "values": [
        -3.3306690738754695e-17
      ]
    },
    "loadings_P": {
      "shape": [
        3,
        2
      ],
      "sign_invariant": true,
      "values": [
        0.7726257208070496,
        0.405479820990507,
        -0.513211064855913,
        0.8649863080851846,
        -0.5159292985114621,
        0.436220408423835
      ]
    },
    "predict_train": {
      "shape": [
        10,
        1
      ],
      "values": [
        0.9015807404949683,
        -1.89298002102416,
        0.3981503861199818,
        0.41397821349129343,
        -0.004379104817404689,
        0.9000578380253431,
        0.31186219351481276,
        0.7920323413985423,
        -0.9444001706122521,
        -0.8759024165911249
      ]
    },
    "rotations_R": {
      "shape": [
        3,
        2
      ],
      "sign_invariant": true,
      "values": [
        0.8701164647295972,
        0.5835813297346857,
        -0.17566120166301677,
        0.8865041605839963,
        -0.4604785337415553,
        -0.007896040656085283
      ]
    },
    "weights_W": {
      "shape": [
        3,
        2
      ],
      "sign_invariant": true,
      "values": [
        0.870116464729597,
        0.27408499747014126,
        -0.17566120166301674,
        0.9489860234605725,
        -0.4604785337415552,
        0.1558940070633954
      ]
    },
    "x_mean": {
      "shape": [
        3
      ],
      "values": [
        -6.661338147750939e-17,
        0.0,
        -2.2204460492503132e-17
      ]
    },
    "x_scale": {
      "shape": [
        3
      ],
      "values": [
        0.8699112819711653,
        1.071807377644293,
        1.002674721545687
      ]
    },
    "y_loadings_Q": {
      "shape": [
        1,
        2
      ],
      "sign_invariant": true,
      "values": [
        0.807955172990883,
        0.4348837506905798
      ]
    },
    "y_mean": {
      "shape": [
        1
      ],
      "values": [
        -3.3306690738754695e-17
      ]
    },
    "y_scale": {
      "shape": [
        1
      ],
      "values": [
        0.9477647622667581
      ]
    }
  },
  "fixture_id": "synthetic_tiny_centered_v1",
  "generator": {
    "git_revision_sha": "unknown",
    "name": "sklearn.cross_decomposition.PLSRegression",
    "params": {
      "algorithm": "nipals",
      "deflation_mode": "regression",
      "max_iter": 500,
      "n_components": 2,
      "scale": true,
      "tol": 1e-06
    },
    "version": "1.4.2"
  },
  "schema_version": 1
}
